CustomerID,Age,Gender,Location,MembershipLevel,TotalPurchases,TotalSpent,FavouriteCategory,LastPurchaseDate,PreferredPaymentMethod,EmailSubscription,PhoneSubscription,CustomerSatisfaction,Churn
1,62,Female,London,Silver,81,34660.91,Books,30-08-22,PayPal,0,1,5,1
2,65,Male,Toronto,Silver,35,15902.65,Sporting Goods,02-02-23,Debit Card,0,1,5,0
3,18,Female,Toronto,Platinum,81,23924.43,Home Goods,17-06-22,Any,1,0,3,0
4,21,Male,Tokyo,Gold,97,15635.69,Sporting Goods,18-05-23,PayPal,0,1,3,1
5,21,Female,Paris,Silver,29,3329.55,Clothing,13-07-23,Credit Card,1,0,3,0
6,57,Female,Paris,Bronze,33,9021.49,Sporting Goods,30-11-23,Credit Card,1,1,3,0
7,27,Female,Tokyo,Gold,50,17116.38,Electronics,20-05-23,PayPal,1,1,3,0
8,37,Male,Tokyo,Gold,9,3384.53,Clothing,06-12-22,Debit Card,1,1,3,1
9,39,Male,Berlin,Platinum,22,2239.25,Electronics,19-02-23,Bank Transfer,0,1,5,0
10,68,Female,London,Bronze,51,14138.54,Sporting Goods,12-10-23,PayPal,0,0,2,0
11,54,Female,New York,Bronze,25,5733.32,Books,11-03-22,Bank Transfer,0,1,3,0
12,41,Male,Toronto,Gold,17,2039.11,Electronics,26-07-22,Debit Card,1,0,5,0
13,44,Male,Toronto,Bronze,86,24546.29,Books,18-05-22,PayPal,0,1,4,1
14,42,Female,New York,Bronze,11,1676.82,Clothing,15-11-23,PayPal,1,1,2,0
15,42,Female,Dubai,Silver,33,9135.27,Sporting Goods,29-04-23,Credit Card,0,1,5,0
16,44,Female,San Francisco,Platinum,9,1044.47,Books,30-11-22,PayPal,1,1,3,0
17,19,Female,Dubai,Silver,60,27118.35,Electronics,08-10-22,PayPal,0,0,4,0
18,56,Male,Sydney,Bronze,71,12942.54,Home Goods,19-08-22,PayPal,1,0,5,1
19,57,Other,Paris,Silver,91,28479.42,Clothing,09-02-22,Credit Card,0,0,2,0
20,41,Male,Dubai,Gold,92,7224.56,Clothing,22-04-22,Bank Transfer,1,0,3,0
21,64,Male,San Francisco,Silver,46,14830.78,Books,05-10-23,Credit Card,0,0,4,0
22,42,Other,Tokyo,Silver,90,13552.14,Clothing,21-09-23,Credit Card,1,1,4,0
23,35,Other,Tokyo,Bronze,21,10061.84,Sporting Goods,01-06-22,PayPal,1,1,3,0
24,55,Male,New York,Platinum,85,17781.49,Clothing,19-09-23,PayPal,0,1,1,1
25,43,Male,Paris,Silver,78,24301.3,Sporting Goods,07-02-22,Cash,1,0,3,0
26,31,Other,Sydney,Gold,35,4325.66,Clothing,04-06-23,Cash,0,1,1,0
27,26,Other,Delhi,Platinum,5,2167.54,Sporting Goods,12-02-23,Debit Card,0,0,1,0
28,27,Other,Delhi,Silver,49,19897.91,Electronics,01-04-23,Cash,1,1,4,0
29,38,Male,London,Platinum,79,10894.49,Electronics,07-12-22,PayPal,1,0,4,0
30,69,Female,Berlin,Bronze,25,11432.58,Clothing,16-06-22,Debit Card,0,0,3,0
31,34,Other,Paris,Bronze,66,2592.11,Clothing,18-06-23,Bank Transfer,0,1,3,1
32,69,Female,New York,Silver,44,16774.34,Clothing,16-11-23,Cash,1,1,1,0
33,23,Female,Berlin,Silver,78,18702.61,Sporting Goods,09-10-22,Cash,0,0,3,0
34,33,Male,Paris,Bronze,98,41260.01,Home Goods,31-08-22,PayPal,0,0,4,0
35,65,Male,Paris,Bronze,77,18744.36,Clothing,05-05-22,PayPal,0,1,1,1
36,18,Female,Paris,Silver,17,875.15,Clothing,14-05-23,Credit Card,1,1,1,0
37,36,Male,Berlin,Gold,58,7467.03,Books,10-07-23,Credit Card,1,0,1,0
38,53,Other,Sydney,Silver,6,2983.8,Clothing,17-04-22,Cash,0,1,2,0
39,42,Other,London,Gold,98,17679.72,Home Goods,28-06-22,Cash,1,0,1,0
40,67,Female,Delhi,Platinum,96,9306.86,Electronics,12-10-23,Debit Card,0,1,1,0
41,69,Female,Sydney,Platinum,9,3661.19,Books,20-06-22,Cash,0,1,2,0
42,47,Other,Berlin,Silver,34,1415.54,Books,27-11-23,PayPal,1,0,2,0
43,37,Other,Dubai,Silver,55,2853.19,Books,26-09-22,PayPal,0,1,1,0
44,37,Female,Berlin,Platinum,65,10582.59,Electronics,18-02-23,Debit Card,0,1,2,0
45,32,Other,New York,Gold,33,1410.83,Sporting Goods,20-04-23,Bank Transfer,1,1,5,0
46,57,Male,Toronto,Bronze,96,47802.44,Sporting Goods,16-10-23,Bank Transfer,0,0,2,0
47,50,Male,Berlin,Silver,3,1055.23,Electronics,19-03-23,PayPal,0,0,4,0
48,19,Female,Toronto,Silver,28,7543.24,Books,27-02-22,Credit Card,0,1,3,0
49,27,Male,Dubai,Platinum,81,32924.87,Home Goods,29-12-22,Bank Transfer,0,1,5,1
50,50,Female,Sydney,Bronze,88,29743.44,Electronics,19-01-22,Credit Card,1,0,5,0
51,49,Male,London,Gold,67,6912.2,Books,19-11-22,PayPal,0,0,5,0
52,28,Male,Dubai,Gold,72,9030.54,Books,17-10-23,PayPal,1,0,5,1
53,70,Female,Berlin,Bronze,46,20078.69,Clothing,14-08-23,Credit Card,0,1,4,1
54,41,Other,Berlin,Platinum,21,3816.57,Electronics,24-07-22,PayPal,0,1,5,1
55,53,Female,Dubai,Platinum,65,15266.38,Sporting Goods,18-10-22,Cash,1,0,5,0
56,29,Female,Delhi,Platinum,8,1661.96,Books,12-11-23,PayPal,1,0,5,1
57,68,Other,San Francisco,Bronze,90,4047.69,Sporting Goods,09-11-22,Cash,1,0,3,0
58,46,Male,Tokyo,Silver,25,8954.89,Sporting Goods,25-11-23,Debit Card,1,0,3,1
59,52,Female,Delhi,Bronze,66,18429.55,Clothing,23-08-23,Credit Card,1,1,4,1
60,18,Female,San Francisco,Platinum,100,34454.72,Clothing,14-12-22,Bank Transfer,0,0,2,0
61,18,Female,Dubai,Gold,63,9673.72,Electronics,09-03-22,Debit Card,0,0,4,1
62,54,Male,Tokyo,Silver,95,20455.27,Electronics,21-12-23,Credit Card,1,1,2,1
63,23,Male,London,Bronze,35,3936.52,Books,19-07-22,Bank Transfer,1,0,1,0
64,56,Other,Sydney,Silver,93,20594.63,Home Goods,11-09-22,Cash,1,1,5,0
65,58,Female,New York,Gold,99,33033.91,Books,25-01-22,Bank Transfer,1,1,1,0
66,70,Other,Berlin,Platinum,22,10415.92,Sporting Goods,09-08-22,Cash,1,0,1,1
67,35,Other,Toronto,Silver,88,29784.43,Electronics,01-03-23,PayPal,1,0,1,1
68,33,Female,Berlin,Platinum,18,4897.38,Electronics,31-03-23,PayPal,1,0,5,1
69,22,Female,New York,Platinum,70,15389.94,Electronics,12-07-22,Cash,0,1,3,0
70,59,Other,Berlin,Gold,4,282.66,Electronics,05-02-23,Debit Card,0,0,4,0
71,60,Male,Toronto,Silver,90,22409.61,Home Goods,25-02-22,Bank Transfer,1,1,4,1
72,49,Other,Dubai,Silver,22,2077.94,Books,27-09-23,Cash,1,0,3,0
73,19,Male,Sydney,Platinum,60,17966.99,Electronics,07-01-22,Debit Card,1,1,5,0
74,19,Male,London,Bronze,7,2593.63,Home Goods,07-10-22,Bank Transfer,1,1,5,1
75,57,Other,Delhi,Bronze,62,29407.71,Clothing,30-11-23,Debit Card,1,0,2,0
76,59,Female,Berlin,Bronze,84,13649.11,Home Goods,19-08-23,Cash,1,1,2,1
77,53,Other,Tokyo,Gold,23,4841.84,Electronics,24-02-22,Bank Transfer,0,1,4,0
78,56,Other,Delhi,Silver,24,2587.61,Electronics,25-05-23,Bank Transfer,0,0,1,0
79,29,Male,New York,Gold,86,37961.38,Home Goods,13-01-23,Debit Card,1,1,4,0
80,64,Other,Berlin,Gold,77,31997.9,Electronics,28-06-23,PayPal,1,0,5,0
81,36,Female,Sydney,Silver,23,9015.56,Electronics,09-01-23,Bank Transfer,1,1,5,1
82,45,Other,Toronto,Silver,61,2897.45,Home Goods,15-06-22,Debit Card,1,0,3,0
83,18,Other,Toronto,Gold,11,3159.48,Books,23-01-23,PayPal,0,1,3,1
84,32,Male,Delhi,Platinum,79,10491.71,Sporting Goods,09-09-22,Credit Card,0,1,1,0
85,53,Female,Tokyo,Silver,58,4492.04,Books,22-12-23,Debit Card,0,1,4,0
86,44,Female,Delhi,Gold,42,16597.32,Home Goods,09-02-23,Bank Transfer,1,0,2,0
87,60,Male,Paris,Bronze,70,8509.13,Electronics,06-07-23,Credit Card,0,1,5,0
88,38,Female,New York,Platinum,40,10415.59,Books,06-12-22,Any,1,0,5,0
89,29,Female,London,Silver,75,20439.47,Home Goods,05-01-23,Credit Card,0,0,2,0
90,22,Other,Toronto,Platinum,62,7587.27,Home Goods,26-04-23,Credit Card,0,1,3,0
91,44,Male,Sydney,Bronze,91,23321.97,Clothing,02-08-23,Credit Card,0,0,1,0
92,22,Female,Dubai,Silver,27,1224.55,Electronics,28-05-22,PayPal,1,1,5,0
93,65,Male,Tokyo,Bronze,84,1682.92,Clothing,05-04-22,PayPal,1,0,3,0
94,70,Other,San Francisco,Bronze,47,20800.06,Sporting Goods,22-10-22,PayPal,0,1,5,1
95,21,Female,Delhi,Gold,17,3731.2,Home Goods,23-09-22,Credit Card,0,1,5,0
96,44,Male,San Francisco,Gold,2,911.12,Home Goods,20-10-22,Bank Transfer,0,0,4,0
97,54,Female,Toronto,Silver,84,21691.11,Electronics,08-04-22,Bank Transfer,0,0,2,0
98,70,Male,London,Bronze,79,17927.63,Clothing,19-03-23,Credit Card,1,0,5,0
99,58,Other,Tokyo,Platinum,10,1620.38,Clothing,08-02-23,Credit Card,0,1,5,0
100,32,Other,San Francisco,Platinum,64,3789.48,Electronics,21-07-23,Bank Transfer,0,0,5,0
101,33,Female,Sydney,Bronze,64,10793.82,Clothing,23-11-23,Debit Card,1,1,2,0
102,38,Female,London,Bronze,61,19036.01,Electronics,06-06-22,Cash,0,1,1,0
103,53,Male,Toronto,Silver,36,13900.95,Clothing,31-05-23,Credit Card,1,1,1,1
104,41,Female,Paris,Platinum,100,27959.63,Electronics,03-04-22,Credit Card,0,0,4,1
105,33,Other,Delhi,Platinum,9,3455.67,Sporting Goods,02-02-22,PayPal,0,0,2,0
106,31,Other,Sydney,Silver,91,8710.59,Electronics,11-04-22,PayPal,0,1,3,0
107,39,Other,Delhi,Silver,57,17097.45,Electronics,14-05-23,Credit Card,1,0,1,0
108,66,Female,Dubai,Silver,46,20407.88,Clothing,03-05-22,Debit Card,0,1,4,0
109,67,Male,Toronto,Platinum,78,9720.43,Clothing,14-03-22,Debit Card,1,0,1,1
110,23,Other,Toronto,Silver,62,8015.43,Electronics,27-04-23,PayPal,1,1,5,0
111,59,Other,Berlin,Bronze,90,34132.29,Electronics,28-03-22,Cash,1,0,2,0
112,53,Female,Dubai,Bronze,45,18440.43,Clothing,12-12-23,Credit Card,1,0,3,0
113,18,Female,Dubai,Bronze,53,7370.3,Home Goods,21-12-23,Debit Card,0,1,1,0
114,49,Female,Berlin,Bronze,15,2687.3,Books,08-07-22,Debit Card,1,1,3,1
115,23,Female,Tokyo,Silver,14,4525.49,Sporting Goods,04-02-23,Credit Card,0,1,4,0
116,48,Male,Tokyo,Platinum,59,12463.59,Electronics,12-04-22,Cash,0,0,1,0
117,18,Female,London,Gold,7,2236.68,Clothing,26-05-22,PayPal,0,0,2,0
118,67,Male,Berlin,Bronze,73,18854.91,Books,19-12-22,Credit Card,0,1,1,1
119,68,Male,Dubai,Bronze,52,20350.34,Electronics,07-11-22,Cash,0,1,1,0
120,54,Other,Sydney,Bronze,15,6390.4,Clothing,07-06-22,Bank Transfer,0,0,1,0
121,52,Other,London,Silver,29,12604.48,Clothing,19-10-23,Bank Transfer,1,1,2,1
122,66,Female,Dubai,Gold,30,9405.96,Home Goods,24-09-23,Cash,1,1,5,0
123,47,Other,Delhi,Platinum,96,30147.88,Electronics,28-05-23,PayPal,0,0,3,0
124,21,Male,Sydney,Silver,95,22403.9,Books,12-03-23,Credit Card,1,0,5,0
125,52,Female,Tokyo,Gold,9,299.29,Sporting Goods,09-08-23,Debit Card,1,1,3,1
126,60,Female,Paris,Platinum,67,10961.64,Home Goods,18-07-23,Credit Card,0,0,3,1
127,31,Female,New York,Gold,57,2882.77,Sporting Goods,13-07-23,PayPal,1,0,1,0
128,66,Female,San Francisco,Gold,80,18410.95,Electronics,26-04-23,Bank Transfer,0,0,3,1
129,57,Other,Delhi,Bronze,57,24381.92,Books,16-06-23,Credit Card,1,1,4,1
130,39,Female,London,Silver,57,17468.5,Books,25-07-22,Cash,1,0,3,0
131,27,Male,London,Platinum,93,32015.78,Books,11-04-22,Credit Card,1,1,3,0
132,18,Female,London,Bronze,99,10914.14,Clothing,12-06-22,Credit Card,1,1,2,0
133,28,Other,Dubai,Platinum,38,5538.03,Books,15-01-23,Bank Transfer,0,0,4,0
134,68,Male,Delhi,Gold,43,4227.05,Clothing,15-08-22,Bank Transfer,1,1,1,0
135,61,Other,Tokyo,Silver,89,37779.66,Books,05-11-23,Debit Card,0,1,2,0
136,41,Other,San Francisco,Silver,6,927.3,Sporting Goods,28-06-23,Bank Transfer,1,0,5,0
137,20,Other,Toronto,Silver,15,4348.75,Sporting Goods,30-03-22,Bank Transfer,0,1,3,0
138,52,Other,London,Gold,57,5001.28,Books,24-05-23,Credit Card,0,0,3,0
139,53,Female,Paris,Silver,99,7871.95,Books,24-01-23,Bank Transfer,0,1,4,0
140,48,Other,San Francisco,Bronze,12,2242.08,Clothing,07-04-22,Credit Card,1,0,3,0
141,21,Female,Tokyo,Gold,17,3035.68,Clothing,25-03-23,Credit Card,1,0,2,0
142,36,Female,Delhi,Silver,32,5691.19,Clothing,26-10-23,Cash,1,1,2,0
143,64,Other,Dubai,Platinum,77,23750.48,Electronics,27-12-23,Credit Card,0,0,2,0
144,53,Male,San Francisco,Bronze,59,10128.84,Clothing,29-07-23,Debit Card,1,0,4,0
145,38,Other,San Francisco,Bronze,60,23339.59,Clothing,19-11-22,Credit Card,0,0,5,1
146,35,Other,Berlin,Silver,65,4128.93,Electronics,15-01-23,Credit Card,0,1,1,1
147,68,Female,Paris,Silver,62,10905.63,Books,23-04-22,PayPal,0,1,1,0
148,45,Female,Sydney,Platinum,99,33780.06,Home Goods,25-11-22,Debit Card,1,0,5,0
149,32,Female,Toronto,Bronze,65,20111.48,Electronics,20-06-22,PayPal,1,0,4,0
150,59,Female,Tokyo,Bronze,58,4487.32,Clothing,12-12-22,Cash,0,1,1,0
151,19,Other,Sydney,Silver,17,3926.1,Electronics,14-10-22,Credit Card,0,1,5,0
152,54,Male,Delhi,Silver,5,842.13,Sporting Goods,27-11-22,Debit Card,0,0,2,0
153,28,Male,Dubai,Silver,4,1293.19,Sporting Goods,21-06-23,Debit Card,0,0,5,0
154,40,Male,New York,Platinum,6,494.03,Books,27-12-22,Cash,1,1,4,1
155,61,Male,Berlin,Platinum,95,32477.81,Clothing,17-05-22,Bank Transfer,1,1,1,0
156,58,Female,Sydney,Silver,51,12374.62,Sporting Goods,25-05-23,Debit Card,1,0,1,1
157,29,Other,Sydney,Gold,43,6533.73,Electronics,16-03-23,Bank Transfer,0,1,1,0
158,20,Female,Delhi,Platinum,85,32195.72,Clothing,15-10-22,Cash,1,0,5,1
159,69,Female,San Francisco,Silver,49,5399.64,Books,03-12-22,Bank Transfer,0,1,5,0
160,34,Other,New York,Bronze,46,4281.41,Clothing,18-05-23,Cash,1,1,4,1
161,50,Other,Paris,Gold,16,437.93,Clothing,19-09-23,Credit Card,0,0,5,0
162,18,Other,Toronto,Silver,93,40308.45,Electronics,16-03-23,Credit Card,1,1,2,0
163,56,Female,Sydney,Platinum,92,23582.86,Clothing,17-03-23,Credit Card,0,1,1,0
164,37,Male,London,Bronze,56,15009.32,Electronics,22-10-22,PayPal,1,0,1,0
165,64,Female,Sydney,Platinum,60,4505.16,Electronics,29-12-22,Debit Card,1,1,3,1
166,60,Female,London,Silver,56,4017.02,Clothing,12-02-23,Cash,1,1,5,0
167,69,Other,Dubai,Bronze,34,6127.35,Books,06-11-22,Bank Transfer,0,0,5,0
168,58,Female,Paris,Silver,12,3213.49,Books,08-11-22,Cash,0,1,1,0
169,31,Male,Berlin,Gold,92,32790.52,Home Goods,28-09-23,Any,1,0,4,1
170,48,Male,New York,Silver,35,9087.74,Sporting Goods,05-12-22,Bank Transfer,0,0,3,0
171,42,Female,Berlin,Platinum,89,37304.18,Clothing,04-03-23,PayPal,0,1,1,0
172,20,Other,New York,Silver,14,2816.08,Clothing,25-05-23,Bank Transfer,1,0,3,0
173,21,Female,London,Silver,8,267.86,Electronics,19-04-23,Debit Card,0,0,3,0
174,48,Male,Paris,Platinum,25,5613.83,Books,14-06-23,Credit Card,0,0,3,1
175,52,Male,Paris,Silver,66,4012.88,Clothing,02-07-23,Credit Card,0,0,5,0
176,61,Female,Berlin,Gold,100,17458.61,Books,07-12-22,Debit Card,1,0,5,0
177,31,Male,Tokyo,Platinum,83,40908.56,Home Goods,31-05-22,Debit Card,1,0,5,0
178,66,Female,Sydney,Gold,41,17692.73,Clothing,28-08-23,Credit Card,1,0,3,0
179,58,Male,San Francisco,Silver,56,7475.93,Electronics,26-10-23,Cash,0,1,2,1
180,26,Other,Sydney,Bronze,66,13230.49,Books,16-03-22,Bank Transfer,0,1,1,0
181,37,Male,London,Silver,28,6354.86,Sporting Goods,10-09-22,Cash,1,0,4,0
182,49,Female,Toronto,Platinum,16,6186.51,Books,22-04-23,Cash,1,0,2,1
183,26,Female,London,Silver,16,576.95,Books,29-09-22,Debit Card,1,0,1,1
184,44,Other,Dubai,Platinum,42,1618.64,Sporting Goods,14-05-22,Credit Card,1,0,3,0
185,20,Male,Toronto,Silver,78,5944.89,Books,26-03-23,Bank Transfer,0,1,1,1
186,70,Female,London,Gold,7,2251.17,Home Goods,21-06-23,Credit Card,0,0,3,0
187,21,Male,Sydney,Platinum,97,21241.29,Clothing,17-10-23,Credit Card,1,1,3,0
188,62,Other,Toronto,Silver,93,39756.04,Clothing,10-01-22,Credit Card,1,0,2,1
189,32,Female,Paris,Bronze,57,8911.82,Clothing,13-09-22,Debit Card,1,1,3,0
190,50,Other,Paris,Platinum,53,13506.57,Books,16-12-22,Credit Card,0,0,5,0
191,22,Female,Dubai,Bronze,7,2514.8,Sporting Goods,27-01-22,Credit Card,0,0,2,1
192,21,Male,Paris,Gold,79,22254.03,Books,21-06-22,Bank Transfer,0,0,1,0
193,63,Female,San Francisco,Silver,32,5506.05,Clothing,09-08-23,Debit Card,1,1,2,0
194,29,Other,Toronto,Silver,7,652.54,Sporting Goods,28-12-23,Cash,0,1,5,1
195,40,Female,Berlin,Bronze,34,9502.65,Clothing,29-05-23,Any,0,1,5,0
196,31,Other,Tokyo,Gold,59,5205.87,Clothing,23-09-22,Credit Card,0,1,5,1
197,63,Female,London,Bronze,47,22130.71,Home Goods,13-12-22,Credit Card,0,1,5,0
198,29,Other,Toronto,Platinum,27,7536.98,Home Goods,03-04-22,Bank Transfer,1,1,5,0
199,34,Male,Toronto,Platinum,52,5405.89,Books,25-12-23,Cash,1,1,2,1
200,42,Female,San Francisco,Silver,33,12074.98,Home Goods,05-08-22,PayPal,0,1,5,0
201,47,Male,San Francisco,Silver,61,4251.86,Sporting Goods,10-10-23,Bank Transfer,1,0,2,1
202,39,Female,San Francisco,Bronze,47,18348.31,Electronics,24-06-23,PayPal,1,0,4,0
203,64,Female,Sydney,Silver,96,22991.88,Sporting Goods,26-09-22,Bank Transfer,1,0,2,0
204,43,Male,Paris,Platinum,8,669.42,Clothing,13-03-23,Bank Transfer,0,1,4,0
205,34,Other,Paris,Bronze,50,1893.07,Clothing,06-04-23,Debit Card,0,0,1,1
206,37,Male,Sydney,Silver,40,19872.86,Home Goods,29-06-23,Bank Transfer,0,1,1,0
207,51,Male,Dubai,Bronze,66,10011.99,Clothing,04-10-22,Cash,1,0,3,0
208,58,Female,Sydney,Silver,6,2862.48,Electronics,25-03-23,Debit Card,0,0,2,1
209,50,Other,Tokyo,Bronze,28,7304.68,Books,04-12-22,PayPal,1,1,4,0
210,54,Other,London,Platinum,39,10196.45,Books,18-05-23,Debit Card,1,1,4,0
211,44,Male,London,Silver,46,2930.82,Sporting Goods,23-01-23,PayPal,0,1,5,0
212,39,Male,San Francisco,Gold,24,11432.13,Books,09-12-22,PayPal,1,1,2,0
213,49,Other,San Francisco,Bronze,13,4833.27,Home Goods,07-12-23,PayPal,0,1,5,0
214,31,Male,Berlin,Silver,10,2689.89,Home Goods,02-10-23,Bank Transfer,1,1,1,1
215,25,Female,New York,Platinum,30,2331.7,Clothing,24-10-23,Cash,0,1,5,0
216,42,Female,Dubai,Bronze,30,3129.74,Home Goods,08-02-23,Debit Card,1,1,4,0
217,33,Male,Paris,Bronze,14,3184.16,Home Goods,15-02-23,PayPal,1,1,1,1
218,59,Female,Dubai,Gold,88,17061.81,Books,27-03-22,Cash,1,0,4,0
219,36,Other,Berlin,Gold,25,7197.66,Electronics,11-10-22,PayPal,0,1,4,0
220,58,Male,Toronto,Platinum,10,566.45,Clothing,08-01-22,PayPal,0,0,1,0
221,33,Female,Tokyo,Platinum,69,2716.26,Sporting Goods,23-01-22,Credit Card,1,0,5,0
222,29,Male,Delhi,Bronze,38,10082.52,Books,11-11-22,PayPal,0,0,4,0
223,56,Other,Sydney,Bronze,57,1919.8,Clothing,18-04-22,Credit Card,1,0,2,1
224,65,Female,Sydney,Silver,76,3692.46,Books,28-04-22,Credit Card,1,0,2,1
225,47,Other,Berlin,Bronze,87,17456.02,Home Goods,02-10-23,PayPal,0,1,3,0
226,19,Male,San Francisco,Bronze,61,3028.89,Sporting Goods,11-03-22,Cash,0,1,2,0
227,49,Male,Delhi,Bronze,25,5125.64,Sporting Goods,25-04-23,Cash,0,1,1,0
228,62,Female,London,Silver,53,7210.13,Electronics,12-02-22,Any,1,0,4,0
229,42,Other,Delhi,Bronze,54,5947.01,Clothing,04-01-22,Credit Card,1,1,2,0
230,42,Male,Sydney,Platinum,99,21210.39,Sporting Goods,28-06-23,Cash,0,0,5,0
231,21,Other,Tokyo,Silver,47,3645.03,Books,17-10-23,Cash,1,1,5,0
232,36,Other,New York,Platinum,34,6386.11,Clothing,04-06-23,Bank Transfer,0,0,4,1
233,65,Female,Sydney,Platinum,14,3202.35,Home Goods,29-01-22,Credit Card,0,1,2,0
234,21,Other,Delhi,Silver,98,41003.34,Electronics,31-05-23,PayPal,0,1,2,0
235,60,Male,San Francisco,Bronze,72,33677.78,Home Goods,13-11-23,Credit Card,1,1,2,1
236,44,Male,London,Bronze,13,2184.03,Sporting Goods,20-07-23,Debit Card,1,1,2,0
237,56,Female,Toronto,Gold,74,11874.65,Home Goods,20-11-23,Cash,1,0,2,0
238,53,Other,Toronto,Bronze,47,13720.65,Books,19-07-23,Any,0,0,1,0
239,40,Male,Dubai,Silver,30,2578.77,Books,01-06-23,Credit Card,1,1,5,0
240,23,Male,New York,Silver,13,2442.2,Clothing,24-09-22,Bank Transfer,1,0,5,0
241,41,Female,Paris,Silver,56,2550.46,Electronics,06-07-22,Debit Card,1,1,1,0
242,61,Other,San Francisco,Platinum,49,9895.68,Electronics,18-11-22,PayPal,1,1,2,1
243,50,Other,Toronto,Bronze,36,2692.54,Books,06-06-22,PayPal,0,0,4,1
244,29,Other,Toronto,Silver,35,10138.46,Home Goods,08-03-22,Cash,0,0,1,1
245,58,Male,Berlin,Bronze,59,19349.94,Home Goods,16-07-23,Credit Card,1,1,5,0
246,38,Male,Tokyo,Silver,61,30122.04,Clothing,11-05-23,Debit Card,0,0,3,0
247,28,Female,Tokyo,Bronze,2,227.33,Sporting Goods,29-06-22,Credit Card,1,0,3,0
248,61,Male,Tokyo,Silver,18,2150.23,Sporting Goods,21-03-22,Credit Card,1,1,3,0
249,55,Female,London,Platinum,44,20889.5,Clothing,13-03-23,Any,1,1,4,0
250,46,Female,Tokyo,Bronze,56,24361.55,Sporting Goods,27-05-23,Cash,0,0,3,1
251,65,Other,Berlin,Silver,10,3157.06,Books,28-04-23,Cash,0,0,3,0
252,58,Female,San Francisco,Platinum,56,23737.03,Electronics,10-04-23,Credit Card,0,0,4,1
253,20,Other,Dubai,Gold,17,2051.09,Electronics,27-09-23,Credit Card,1,1,4,0
254,45,Other,Paris,Silver,68,29888.3,Sporting Goods,12-03-23,Debit Card,0,0,1,0
255,37,Male,London,Gold,42,18324.92,Sporting Goods,04-11-22,Credit Card,1,1,5,0
256,43,Male,Delhi,Bronze,87,12101.17,Sporting Goods,31-07-22,Cash,0,1,5,0
257,41,Female,San Francisco,Silver,48,12672.92,Electronics,09-09-23,Any,0,0,5,0
258,69,Female,Berlin,Bronze,85,39634.79,Sporting Goods,22-07-23,Debit Card,1,1,1,0
259,64,Female,Berlin,Bronze,89,30793.29,Home Goods,13-12-22,Bank Transfer,0,0,4,1
260,38,Female,Dubai,Bronze,98,33030.82,Home Goods,26-03-23,Credit Card,1,0,2,0
261,47,Male,New York,Silver,59,17032.53,Books,26-12-22,Debit Card,1,0,3,1
262,21,Female,Delhi,Silver,85,12668.33,Clothing,08-10-22,Bank Transfer,0,1,2,1
263,53,Other,Delhi,Platinum,86,42108.99,Books,12-11-22,Debit Card,0,0,1,1
264,57,Male,Sydney,Bronze,37,8687.77,Electronics,18-08-22,PayPal,1,1,2,1
265,27,Other,Berlin,Silver,13,2203.45,Home Goods,27-08-23,PayPal,1,0,1,0
266,27,Female,Delhi,Platinum,27,9982.41,Clothing,22-12-23,Cash,0,1,1,0
267,59,Male,San Francisco,Platinum,3,935.09,Home Goods,22-05-23,Debit Card,1,1,1,1
268,41,Other,Sydney,Gold,23,4238.34,Sporting Goods,28-06-22,Debit Card,0,1,3,0
269,21,Male,Sydney,Bronze,47,7793.54,Electronics,22-02-23,Cash,0,0,2,0
270,64,Other,London,Silver,84,10328.91,Clothing,29-05-22,PayPal,0,0,2,0
271,44,Male,Delhi,Bronze,19,1095.8,Books,08-03-22,Debit Card,1,0,4,0
272,68,Other,Toronto,Bronze,35,11211.94,Electronics,14-05-22,Cash,0,1,4,0
273,62,Other,London,Silver,96,25222.36,Books,28-06-22,Cash,0,1,5,0
274,21,Other,San Francisco,Gold,68,9025.45,Books,29-12-23,Debit Card,0,1,1,0
275,49,Male,London,Silver,1,46.46,Books,21-06-23,PayPal,0,1,3,0
276,27,Other,Paris,Platinum,28,814.03,Sporting Goods,25-09-23,Bank Transfer,0,1,4,0
277,28,Other,New York,Platinum,49,18349.42,Books,23-01-23,PayPal,1,1,2,0
278,45,Female,Paris,Bronze,87,9601.45,Home Goods,14-08-22,Debit Card,0,1,1,0
279,63,Other,Tokyo,Silver,4,591.96,Clothing,22-10-23,Debit Card,1,0,3,0
280,25,Female,Tokyo,Gold,97,2597.06,Clothing,15-08-23,Debit Card,1,1,2,0
281,57,Male,San Francisco,Platinum,12,1107.68,Electronics,21-02-22,PayPal,0,0,2,0
282,39,Other,Tokyo,Bronze,89,39136.32,Home Goods,24-05-22,Any,0,0,2,1
283,51,Male,Delhi,Silver,29,3949.49,Books,18-10-22,Bank Transfer,0,1,5,0
284,62,Female,Sydney,Bronze,41,19593.9,Home Goods,21-01-22,Cash,1,1,2,0
285,52,Female,Paris,Bronze,74,7317.6,Books,20-12-22,Cash,0,0,5,0
286,52,Male,Berlin,Silver,3,424.7,Books,04-12-23,Credit Card,1,1,4,1
287,42,Other,New York,Gold,79,34483.56,Clothing,07-01-22,Credit Card,1,1,1,1
288,51,Male,Delhi,Gold,60,13486.32,Sporting Goods,24-09-22,Credit Card,0,1,3,0
289,23,Female,Dubai,Bronze,11,1634.14,Electronics,26-07-23,Credit Card,1,0,1,0
290,58,Female,Toronto,Silver,5,1762.75,Clothing,29-07-23,Bank Transfer,0,1,2,0
291,54,Other,Dubai,Bronze,74,3299.63,Books,10-11-23,Debit Card,0,1,3,0
292,18,Female,San Francisco,Bronze,91,40721.63,Electronics,05-09-22,Bank Transfer,0,1,5,1
293,29,Other,London,Bronze,9,3815.55,Books,03-09-22,Bank Transfer,0,0,2,1
294,52,Other,Delhi,Bronze,38,2324.94,Clothing,10-02-23,Cash,0,1,1,1
295,23,Other,Toronto,Silver,99,39930.36,Books,31-10-23,Bank Transfer,0,1,4,0
296,34,Female,San Francisco,Bronze,92,44285.29,Electronics,31-10-23,Credit Card,1,1,1,0
297,26,Male,Tokyo,Platinum,59,15115.41,Books,25-07-22,Cash,0,0,4,0
298,19,Male,Berlin,Silver,59,17270.1,Clothing,29-11-22,Credit Card,0,0,1,0
299,35,Female,Sydney,Platinum,50,17315.12,Books,17-05-22,Cash,0,1,4,0
300,66,Male,Paris,Bronze,20,2960.58,Electronics,23-03-22,Any,0,0,3,0
301,53,Male,New York,Gold,36,11946.15,Home Goods,21-03-23,PayPal,0,1,1,1
302,45,Female,London,Bronze,37,9173.65,Home Goods,21-09-22,Cash,0,1,5,0
303,58,Male,Tokyo,Silver,75,16099.51,Sporting Goods,09-05-22,PayPal,0,0,3,1
304,70,Female,New York,Bronze,50,22667.24,Sporting Goods,06-03-23,Debit Card,0,0,3,0
305,54,Other,Sydney,Platinum,19,7656.88,Clothing,21-01-23,Credit Card,0,1,1,0
306,66,Other,San Francisco,Platinum,5,2343.06,Books,24-08-23,Bank Transfer,1,0,4,0
307,43,Male,Berlin,Bronze,89,37521.77,Books,27-04-22,Debit Card,1,1,2,0
308,21,Female,Dubai,Platinum,80,3205.53,Books,19-04-22,Bank Transfer,0,0,3,0
309,57,Other,London,Gold,50,15556.71,Clothing,16-12-22,Credit Card,1,1,4,0
310,53,Female,Sydney,Silver,95,33712.24,Clothing,13-07-23,Bank Transfer,0,0,1,0
311,68,Female,Dubai,Platinum,14,4747.84,Books,25-11-22,Any,0,0,3,0
312,48,Female,New York,Bronze,52,7828.03,Electronics,17-02-22,Debit Card,0,0,5,0
313,47,Male,San Francisco,Silver,17,3813.14,Clothing,27-04-22,PayPal,1,1,2,0
314,67,Other,London,Bronze,56,2169.1,Sporting Goods,13-06-23,Bank Transfer,1,1,5,0
315,51,Male,Toronto,Gold,76,4952.55,Electronics,25-05-23,Debit Card,1,1,4,0
316,36,Female,Dubai,Bronze,62,17920.83,Home Goods,09-06-22,PayPal,0,0,5,0
317,35,Other,Delhi,Silver,99,29656.21,Books,09-10-22,Credit Card,1,0,1,0
318,47,Male,London,Gold,18,2098.62,Sporting Goods,22-04-22,Credit Card,1,0,4,0
319,38,Other,Tokyo,Platinum,71,16694.75,Sporting Goods,20-09-22,Debit Card,1,0,4,0
320,20,Male,Dubai,Bronze,25,6164.93,Sporting Goods,05-12-23,PayPal,1,1,4,1
321,23,Female,San Francisco,Gold,94,2391.52,Sporting Goods,01-08-23,Debit Card,0,0,2,0
322,55,Other,Toronto,Gold,94,8310.54,Books,30-01-23,Debit Card,1,1,4,0
323,44,Female,Delhi,Silver,67,21417.49,Sporting Goods,10-08-23,PayPal,1,0,2,0
324,62,Female,Sydney,Silver,76,37738.08,Sporting Goods,28-06-22,Any,1,1,1,0
325,20,Other,Delhi,Bronze,47,15612.84,Electronics,19-01-23,Bank Transfer,1,0,2,1
326,65,Other,San Francisco,Gold,41,3185.86,Clothing,03-06-22,Bank Transfer,0,1,1,0
327,45,Male,Sydney,Silver,82,33971.89,Home Goods,09-09-23,Bank Transfer,0,0,4,0
328,39,Male,London,Platinum,40,9085.52,Books,03-06-23,Debit Card,1,0,1,1
329,57,Female,Tokyo,Silver,10,601.76,Home Goods,20-01-22,Bank Transfer,0,0,4,0
330,57,Male,Delhi,Silver,27,8313.73,Home Goods,30-05-23,Debit Card,1,1,3,0
331,29,Other,San Francisco,Silver,21,2718.7,Clothing,08-09-23,Debit Card,0,0,1,0
332,40,Other,Delhi,Platinum,58,12763.2,Books,10-12-23,PayPal,0,1,3,0
333,48,Other,Delhi,Bronze,69,11921.91,Electronics,19-12-22,Credit Card,1,0,2,0
334,35,Female,Dubai,Bronze,67,22014.18,Clothing,19-12-22,PayPal,1,1,5,1
335,44,Male,Dubai,Gold,53,12025.52,Sporting Goods,09-08-23,Cash,1,1,3,0
336,25,Male,New York,Silver,40,2796.46,Sporting Goods,13-09-23,Bank Transfer,1,0,4,0
337,36,Male,Toronto,Silver,84,10376.04,Home Goods,28-04-22,PayPal,0,0,2,0
338,46,Male,Berlin,Bronze,64,16653.68,Electronics,07-11-22,PayPal,1,0,3,1
339,61,Male,Delhi,Platinum,8,3190.47,Home Goods,16-11-22,PayPal,1,0,1,0
340,37,Male,Paris,Platinum,32,789.66,Sporting Goods,17-03-22,Cash,0,1,1,0
341,67,Male,Toronto,Gold,97,30454.62,Books,29-01-22,Cash,0,0,3,1
342,59,Female,Berlin,Bronze,69,5218,Clothing,20-06-22,Bank Transfer,0,0,2,1
343,47,Male,Sydney,Silver,28,8678.42,Electronics,28-10-23,Credit Card,1,1,1,1
344,64,Male,San Francisco,Platinum,25,10541.69,Clothing,23-01-23,Bank Transfer,1,1,4,1
345,39,Male,Dubai,Gold,56,7261.62,Clothing,22-02-22,Credit Card,0,1,2,1
346,27,Female,Sydney,Bronze,9,2320.62,Home Goods,29-10-23,Credit Card,0,1,5,0
347,43,Male,New York,Silver,45,17619.54,Sporting Goods,19-03-22,Cash,0,0,3,1
348,68,Female,Toronto,Platinum,54,5630.97,Electronics,01-08-23,Cash,1,0,5,0
349,50,Female,Dubai,Silver,91,8483.87,Clothing,05-08-23,PayPal,1,0,3,0
350,45,Female,London,Bronze,39,17722.46,Electronics,19-01-23,Bank Transfer,0,0,3,0
351,27,Other,Tokyo,Gold,28,9896.05,Electronics,30-12-22,Credit Card,0,0,4,0
352,46,Male,Delhi,Bronze,99,36981.97,Sporting Goods,07-08-23,Credit Card,1,1,1,0
353,61,Other,Sydney,Bronze,44,18704.62,Clothing,05-05-22,Credit Card,1,1,3,0
354,35,Male,Paris,Silver,77,21477.18,Electronics,28-01-22,PayPal,1,1,3,0
355,59,Female,Toronto,Silver,9,2289.91,Electronics,06-03-23,Cash,0,0,1,1
356,18,Female,Tokyo,Bronze,41,11767.15,Clothing,03-09-23,Cash,0,0,2,0
357,40,Male,Delhi,Silver,33,12017.56,Clothing,24-03-22,PayPal,0,1,2,1
358,34,Male,Berlin,Silver,65,13497.24,Clothing,19-09-22,Any,0,0,4,0
359,60,Female,Toronto,Gold,82,5385.82,Home Goods,26-05-22,Bank Transfer,1,0,2,1
360,54,Male,Delhi,Silver,77,6551.66,Clothing,12-02-22,PayPal,0,0,3,0
361,48,Male,New York,Silver,17,8287.05,Sporting Goods,26-09-22,Cash,1,0,3,0
362,42,Other,Toronto,Gold,76,3406.66,Electronics,14-03-23,Bank Transfer,0,1,5,0
363,70,Female,Tokyo,Platinum,80,28926.18,Home Goods,14-09-22,Credit Card,1,1,4,1
364,21,Other,Paris,Silver,93,43985.95,Clothing,17-03-23,Credit Card,1,1,1,0
365,69,Female,Berlin,Gold,52,4266.32,Books,25-11-23,Cash,0,0,1,0
366,26,Other,Paris,Gold,65,23834.65,Home Goods,23-04-23,PayPal,0,1,1,0
367,45,Male,New York,Bronze,93,15361.66,Home Goods,22-09-23,PayPal,1,1,5,0
368,47,Male,Dubai,Platinum,37,4948.5,Home Goods,10-05-23,Bank Transfer,0,1,3,0
369,64,Female,Sydney,Silver,61,26184.79,Home Goods,29-04-22,Cash,1,1,3,0
370,41,Female,San Francisco,Gold,19,8673.31,Electronics,04-05-23,Cash,0,1,1,1
371,50,Female,London,Silver,82,15299.91,Electronics,02-01-23,Bank Transfer,1,1,3,0
372,37,Other,New York,Gold,26,8415.44,Home Goods,15-06-22,Cash,0,1,5,1
373,26,Female,Dubai,Gold,41,4282.45,Books,26-02-22,Cash,0,0,5,1
374,25,Male,Sydney,Bronze,26,10376.2,Clothing,09-02-22,Bank Transfer,1,0,4,0
375,41,Female,Dubai,Gold,5,2214.98,Home Goods,08-01-22,Cash,0,1,2,0
376,31,Male,Paris,Platinum,11,1902.59,Home Goods,18-12-23,Bank Transfer,1,1,3,1
377,35,Other,London,Bronze,98,32675.57,Clothing,19-12-22,Debit Card,1,0,2,0
378,70,Male,Berlin,Gold,87,38339.2,Electronics,15-10-23,PayPal,0,0,3,0
379,18,Male,New York,Gold,98,2683.24,Home Goods,17-11-22,PayPal,1,1,2,0
380,29,Other,Toronto,Platinum,83,35752.49,Home Goods,21-04-22,Cash,0,0,2,1
381,46,Male,New York,Bronze,36,10606.14,Home Goods,22-09-23,Credit Card,1,0,3,0
382,54,Other,Delhi,Bronze,85,18591.83,Home Goods,25-02-23,Credit Card,1,1,5,0
383,43,Other,Dubai,Silver,6,1625.13,Clothing,15-07-23,PayPal,1,1,5,0
384,50,Other,Berlin,Bronze,59,24517.44,Electronics,08-07-22,Credit Card,0,1,5,1
385,60,Male,San Francisco,Gold,100,36662.22,Books,28-05-22,Bank Transfer,1,1,5,0
386,32,Other,Tokyo,Gold,48,12509.14,Clothing,29-11-23,Bank Transfer,1,1,4,1
387,40,Female,Tokyo,Gold,78,19817.7,Books,14-04-23,Debit Card,0,1,5,0
388,46,Male,Sydney,Bronze,31,14000.96,Books,11-04-23,Credit Card,1,0,2,0
389,38,Male,London,Platinum,12,1578.29,Clothing,11-02-23,PayPal,1,1,3,0
390,36,Female,Toronto,Platinum,9,593.43,Electronics,10-05-23,Debit Card,0,1,2,0
391,22,Female,San Francisco,Silver,27,9335.15,Electronics,08-08-22,Cash,0,0,5,0
392,40,Female,Toronto,Gold,96,34277.91,Electronics,15-06-23,Bank Transfer,1,1,1,0
393,53,Female,London,Silver,91,26647.1,Clothing,09-03-22,PayPal,1,0,3,0
394,37,Other,Tokyo,Bronze,51,7446.89,Clothing,03-05-23,PayPal,1,1,4,1
395,25,Male,Tokyo,Bronze,20,3241.15,Sporting Goods,11-04-23,Credit Card,1,0,1,1
396,26,Male,Dubai,Silver,56,17706.12,Clothing,02-07-22,PayPal,0,1,2,0
397,31,Female,San Francisco,Bronze,32,4832.64,Sporting Goods,14-07-22,Cash,1,0,5,0
398,23,Other,Toronto,Platinum,71,18447.09,Books,05-07-22,Credit Card,0,1,4,0
399,18,Other,Paris,Platinum,52,9328.58,Clothing,07-06-23,Credit Card,0,0,2,0
400,26,Female,Berlin,Silver,38,10070.39,Sporting Goods,03-04-23,Debit Card,0,1,1,0
401,33,Female,San Francisco,Silver,12,1561.14,Electronics,14-06-22,Credit Card,1,0,1,1
402,33,Female,New York,Platinum,80,9205.52,Books,19-09-22,Debit Card,1,0,1,0
403,29,Female,Sydney,Bronze,45,16754.36,Clothing,10-12-23,Cash,1,0,1,0
404,22,Other,San Francisco,Silver,54,11078.06,Home Goods,26-03-22,PayPal,1,0,3,0
405,57,Male,Delhi,Bronze,5,658.16,Books,13-10-23,Cash,1,1,1,0
406,46,Other,Sydney,Bronze,100,43204.18,Books,10-07-23,Credit Card,1,0,5,0
407,63,Male,Toronto,Gold,18,3830.69,Sporting Goods,08-04-22,PayPal,0,0,1,0
408,44,Male,Sydney,Gold,26,1966.06,Clothing,14-01-23,PayPal,1,0,3,1
409,28,Male,Delhi,Silver,55,19792.47,Sporting Goods,10-03-23,Bank Transfer,1,1,1,0
410,70,Other,Tokyo,Platinum,77,11887.77,Books,03-05-22,Cash,0,1,5,0
411,64,Female,Paris,Platinum,1,291.32,Electronics,18-12-22,Debit Card,0,0,4,0
412,67,Female,Toronto,Gold,97,30979.15,Clothing,21-07-22,Cash,1,0,3,0
413,45,Other,Toronto,Silver,71,34224.54,Clothing,02-11-23,Cash,1,1,3,0
414,69,Other,San Francisco,Platinum,100,11172.86,Clothing,08-12-22,PayPal,1,1,3,1
415,53,Male,London,Bronze,42,6568.91,Electronics,09-11-23,Cash,1,0,4,0
416,59,Other,New York,Gold,84,39267.11,Books,06-03-22,Cash,1,1,1,0
417,36,Male,Sydney,Silver,100,36478.06,Home Goods,03-02-23,Cash,0,0,5,1
418,52,Other,New York,Bronze,94,22153.81,Books,30-08-22,Bank Transfer,0,1,5,0
419,69,Female,London,Platinum,88,32796.83,Electronics,12-02-23,PayPal,0,1,1,0
420,48,Female,Tokyo,Silver,26,5679.05,Sporting Goods,29-09-23,Debit Card,1,0,1,0
421,61,Female,London,Gold,85,18430.1,Sporting Goods,05-04-23,Credit Card,0,0,1,0
422,36,Other,Dubai,Platinum,45,4278.6,Home Goods,20-09-22,PayPal,1,0,3,0
423,63,Male,New York,Silver,73,19752.57,Sporting Goods,29-05-23,Bank Transfer,0,1,1,0
424,41,Female,Berlin,Bronze,39,5697.08,Electronics,22-10-23,Debit Card,0,1,5,1
425,19,Male,Dubai,Platinum,87,28198.86,Home Goods,04-12-23,Credit Card,0,1,5,1
426,44,Female,Berlin,Silver,51,10777.88,Electronics,19-05-23,PayPal,0,0,5,1
427,60,Male,New York,Platinum,16,6876.58,Clothing,24-05-22,Credit Card,1,0,5,0
428,66,Other,San Francisco,Platinum,5,1951.27,Sporting Goods,20-04-22,Bank Transfer,0,0,4,1
429,48,Other,Paris,Platinum,76,6916.6,Clothing,17-10-22,Cash,0,0,2,0
430,34,Male,Sydney,Silver,27,8200.55,Books,08-06-22,Credit Card,1,0,3,0
431,44,Other,Tokyo,Gold,76,27557.26,Clothing,13-04-23,Any,0,0,2,1
432,53,Male,Paris,Platinum,27,7207.15,Sporting Goods,02-02-22,Bank Transfer,0,0,3,0
433,67,Other,Tokyo,Silver,77,5751.49,Books,19-01-22,Bank Transfer,1,0,2,0
434,60,Other,Paris,Silver,29,7585.2,Sporting Goods,01-03-23,Bank Transfer,1,0,4,0
435,27,Male,New York,Bronze,1,227.79,Sporting Goods,10-07-23,Cash,0,0,5,0
436,62,Female,London,Gold,70,12345.35,Sporting Goods,25-12-23,Cash,0,0,1,0
437,31,Female,Sydney,Platinum,58,17377.79,Electronics,23-06-23,PayPal,1,0,2,1
438,44,Female,Sydney,Bronze,14,2463.14,Sporting Goods,19-12-23,Bank Transfer,0,0,1,0
439,56,Male,San Francisco,Silver,23,3060.55,Books,17-10-23,Debit Card,0,0,3,0
440,57,Female,New York,Silver,89,33217.7,Books,14-12-22,Bank Transfer,0,0,3,0
441,26,Other,New York,Bronze,62,7589.92,Home Goods,21-02-22,PayPal,0,0,2,0
442,31,Female,Sydney,Bronze,91,36994.99,Sporting Goods,19-12-23,Bank Transfer,1,1,5,0
443,25,Other,Delhi,Silver,63,30869.83,Electronics,22-11-22,Bank Transfer,1,1,1,1
444,34,Female,Berlin,Bronze,6,1390.77,Sporting Goods,07-01-23,Debit Card,0,0,5,0
445,40,Female,Toronto,Silver,83,34025.71,Books,12-03-23,PayPal,0,0,4,0
446,33,Male,New York,Silver,45,4536.74,Clothing,18-03-23,Bank Transfer,0,0,5,0
447,43,Other,Paris,Platinum,93,37451.63,Sporting Goods,04-06-23,Cash,0,0,4,0
448,26,Other,New York,Platinum,68,32774.93,Electronics,25-12-22,Credit Card,1,0,4,0
449,53,Other,Sydney,Bronze,24,6436.11,Books,11-08-23,Debit Card,0,0,3,0
450,44,Female,London,Platinum,10,1427.46,Sporting Goods,20-01-22,Debit Card,1,1,1,0
451,35,Female,Delhi,Bronze,52,5054.22,Home Goods,02-07-23,PayPal,1,0,3,1
452,25,Male,Berlin,Silver,6,2759.89,Clothing,16-01-23,Cash,0,0,1,1
453,38,Male,Paris,Bronze,91,15997.33,Books,19-12-22,Cash,1,0,3,1
454,43,Male,Berlin,Silver,34,8791.1,Home Goods,01-10-23,Cash,0,0,2,0
455,20,Female,Paris,Gold,2,456.09,Books,10-02-23,PayPal,1,1,3,0
456,34,Male,Berlin,Silver,64,14649.82,Clothing,30-04-22,PayPal,0,1,2,1
457,68,Other,Delhi,Platinum,97,37570.43,Home Goods,10-04-23,PayPal,0,1,5,0
458,63,Male,Delhi,Gold,85,39854.46,Home Goods,16-12-23,Bank Transfer,0,1,3,0
459,41,Female,London,Platinum,62,20190.41,Clothing,18-07-22,Bank Transfer,1,0,2,0
460,42,Male,Tokyo,Silver,92,44107.22,Clothing,04-02-22,Debit Card,1,0,5,0
461,22,Other,Toronto,Platinum,77,8578.84,Clothing,24-10-22,Debit Card,0,0,3,1
462,54,Other,Delhi,Silver,32,9302.08,Books,15-03-22,Credit Card,1,0,4,0
463,62,Other,New York,Silver,92,32111.99,Books,28-12-23,Credit Card,0,0,4,0
464,67,Female,New York,Silver,59,21428.13,Electronics,25-09-23,Debit Card,1,1,5,0
465,41,Other,Toronto,Silver,4,1531.23,Home Goods,18-05-23,Credit Card,0,1,3,0
466,48,Male,Tokyo,Bronze,85,15292.52,Home Goods,10-03-22,Bank Transfer,1,0,5,1
467,43,Male,Tokyo,Silver,11,4877.99,Sporting Goods,14-02-23,Debit Card,1,0,4,1
468,38,Other,Sydney,Bronze,52,4327.37,Home Goods,02-11-22,PayPal,1,0,2,1
469,51,Female,London,Platinum,74,11373.59,Electronics,26-11-22,Cash,1,1,3,0
470,55,Other,Paris,Bronze,70,17148.79,Electronics,02-11-23,PayPal,0,0,2,0
471,41,Male,Toronto,Silver,14,4258.23,Clothing,06-08-22,Credit Card,0,0,3,1
472,45,Male,San Francisco,Bronze,61,9865.92,Home Goods,29-06-23,PayPal,1,1,1,0
473,47,Other,Paris,Bronze,82,37372.02,Electronics,21-07-22,Debit Card,0,1,2,0
474,51,Female,Dubai,Gold,59,13976.3,Clothing,19-08-22,Debit Card,0,1,4,0
475,69,Male,Dubai,Gold,46,3135.45,Electronics,18-11-23,Credit Card,1,0,3,1
476,69,Female,Sydney,Bronze,26,10741.77,Home Goods,21-08-23,Debit Card,0,0,4,0
477,40,Other,Sydney,Gold,4,1933.67,Home Goods,29-11-22,PayPal,1,0,3,0
478,25,Male,San Francisco,Gold,65,12105.42,Clothing,10-09-23,Cash,1,1,5,0
479,59,Male,Sydney,Gold,79,22612.08,Home Goods,26-05-22,Credit Card,1,1,3,0
480,67,Male,Dubai,Bronze,15,4498.11,Clothing,22-10-22,Cash,1,1,3,0
481,27,Male,London,Gold,88,35620.47,Home Goods,28-06-22,Bank Transfer,1,1,4,1
482,18,Male,Dubai,Gold,71,6594.65,Sporting Goods,18-03-23,Cash,1,1,5,1
483,37,Male,Tokyo,Platinum,16,6780.83,Clothing,15-01-23,Debit Card,0,1,3,1
484,54,Other,Toronto,Silver,6,2198.24,Sporting Goods,18-10-22,PayPal,1,0,1,0
485,35,Male,Dubai,Silver,55,2021.89,Home Goods,14-10-22,Cash,0,0,5,0
486,38,Male,San Francisco,Platinum,1,292.12,Books,23-01-22,Cash,0,0,2,0
487,66,Other,New York,Gold,72,2408.85,Home Goods,15-08-22,PayPal,0,1,1,0
488,21,Male,Sydney,Silver,62,16014.05,Books,29-09-22,Credit Card,0,0,2,0
489,60,Male,Toronto,Silver,82,25232.9,Home Goods,18-02-22,PayPal,0,0,4,0
490,19,Other,New York,Platinum,33,10716.49,Clothing,14-09-22,Bank Transfer,1,0,1,0
491,38,Male,Toronto,Silver,59,27429.2,Electronics,22-05-23,Cash,0,1,4,0
492,54,Male,New York,Bronze,30,4877.62,Clothing,04-06-23,PayPal,1,0,3,0
493,22,Other,Toronto,Silver,32,13612.53,Books,24-05-22,Cash,1,1,3,0
494,34,Male,Delhi,Platinum,80,18965.3,Home Goods,02-11-23,Credit Card,1,1,2,1
495,66,Other,London,Silver,76,25849.97,Home Goods,23-10-23,Any,1,0,3,0
496,65,Male,London,Bronze,32,13050.01,Home Goods,03-11-22,Cash,1,1,5,0
497,28,Male,Sydney,Gold,19,6983.26,Electronics,23-06-22,PayPal,1,0,4,0
498,63,Other,New York,Platinum,87,34960.11,Electronics,02-04-23,Credit Card,0,0,5,1
499,58,Female,Toronto,Platinum,72,23422.56,Clothing,07-08-22,Bank Transfer,0,0,3,0
500,48,Other,Tokyo,Gold,100,40437.47,Clothing,02-10-23,PayPal,1,0,1,0
